{
    "mgpt": 1,
    "fastspeech2_conformer": 1,
    "2010.13956": 1,
    "coreml": 1,
    "2207.12598": 1,
    "2205.11487": 1,
    "2406.15888": 1,
    "2105.09680": 1,
    "2402.13228": 1,
    "2108.08877": 1,
    "llava_phi": 1,
    "2305.15011": 1,
    "10.57967/hf/1898": 1,
    "2209.02970": 1,
    "wav2vec2-ebranchformer": 1,
    "2204.01697": 1,
    "led": 1,
    "rag": 1,
    "2005.11401": 1,
    "compressed-tensors": 1,
    "yolov8": 1,
    "time_series_transformer": 1,
    "multiformer": 1,
    "unispeech-sat": 1,
    "audio-frame-classification": 1,
    "plbart": 1,
    "encodec": 1,
    "2203.15243": 1,
    "eu": 1,
    "1907.05047": 1,
    "phi-msft": 1,
    "2211.01786": 1,
    "2310.06694": 1,
    "speech-encoder-decoder": 1,
    "lstm_causalm": 1,
    "10.57967/hf/0404": 1,
    "2110.12010": 1,
    "2103.17239": 1,
    "2305.02309": 1,
    "10.57967/hf/1502": 1,
    "2202.00512": 1,
    "2306.07629": 1,
    "trillsson_efficientnet": 1,
    "2101.00204": 1,
    "cs": 1,
    "BERT_CRF": 1,
    "10.57967/hf/2673": 1,
    "2402.03300": 1,
    "ConsistencyPipeline": 1,
    "informer": 1,
    "2312.00063": 1,
    "nl": 1,
    "2312.13558": 1,
    "2105.13626": 1,
    "roberta_causalm": 1,
    "2312.01037": 1,
    "2310.16834": 1,
    "gemmoe": 1,
    "2403.07816": 1,
    "2203.07259": 1,
    "seed_encoder": 1,
    "2112.07772": 1,
    "2206.08441": 1,
    "2204.02491": 1,
    "Text Classification": 1,
    "stablelm_epoch": 1,
    "2305.18290": 1,
    "paddlenlp": 1,
    "stdit2": 1,
    "2104.14294": 1,
    "2305.15798": 1,
    "2310.08232": 1,
    "crs": 1,
    "2307.04964": 1,
    "2211.15841": 1,
    "2304.11277": 1,
    "tw": 1,
    "2212.04356": 1,
    "2002.08909": 1,
    "2404.02078": 1,
    "2402.05369": 1,
    "1605.07146": 1,
    "1512.03385": 1,
    "2405.14852": 1,
    "2401.06118": 1,
    "aqlm": 1,
    "bunny-stablelm": 1,
    "2402.14658": 1,
    "2401.04088": 1,
    "2109.07306": 1,
    "2003.13678": 1,
    "2310.04562": 1,
    "10.57967/hf/0481": 1,
    "paligemma": 1,
    "dab-detr": 1,
    "1712.05884": 1,
    "1710.08969": 1,
    "fastvit": 1,
    "2305.13245": 1,
    "2207.14255": 1,
    "2402.19173": 1,
    "AltDiffusionPipeline": 1,
    "myDDPMPipeline": 1,
    "mobilenet_v2": 1,
    "2309.15818": 1,
    "VideoToVideoSDPipeline": 1,
    "1910.13461": 1,
    "DDIMPipeline": 1,
    "structformer": 1,
    "2310.20589": 1,
    "2402.19411": 1,
    "instructblip": 1,
    "2103.14030": 1,
    "10.57967/hf/2096": 1,
    "siglip_text_model": 1,
    "2008.09144": 1,
    "2406.10806": 1,
    "2311.07052": 1,
    "2205.11342": 1,
    "2312.17543": 1,
    "10.57967/hf/2134": 1,
    "open_clip": 1,
    "2310.13683": 1,
    "2110.00476": 1,
    "1904.11486": 1,
    "1608.06993": 1,
    "2106.09685": 1,
    "2006.03654": 1,
    "10.57967/hf/0547": 1,
    "ddetr": 1,
    "codet5p_embedding": 1,
    "2305.07922": 1,
    "7-bit": 1,
    "ernie": 1,
    "2107.02137": 1,
    "2106.09681": 1,
    "2404.08634": 1,
    "2212.05055": 1,
    "vllama": 1,
    "IDCM": 1,
    "2105.09816": 1,
    "convbert": 1,
    "2110.02861": 1,
    "10.57967/hf/2041": 1,
    "yolos": 1,
    "2110.02711": 1,
    "1710.10196": 1,
    "ru": 1,
    "2006.06873": 1,
    "2108.10447": 1,
    "sam": 1,
    "mask-generation": 1,
    "segmentation-models-pytorch": 1,
    "semantic-segmentation": 1,
    "image-segmentation": 1,
    "mit": 1,
    "conv_detr": 1,
    "wav2vec2-conformer": 1,
    "image-feature-extraction": 1,
    "2112.10684": 1,
    "depth_anything_v2": 1,
    "bi": 1,
    "1807.11626": 1,
    "2101.04615": 1,
    "2111.09883": 1,
    "new": 1,
    "2205.13147": 1,
    "2212.09741": 1,
    "sq": 1,
    "ResNet50V2": 1,
    "2402.14714": 1,
    "rwkv5": 1,
    "character_bert": 1,
    "2404.16792": 1,
    "2304.12244": 1,
    "2306.08568": 1,
    "2308.09583": 1,
    "2107.06278": 1,
    "2110.01799": 1,
    "ovis": 1,
    "2405.20797": 1,
    "2305.18283": 1,
    "1707.01629": 1,
    "2303.14070": 1,
    "perceiver-io-optical-flow": 1,
    "2107.14795": 1,
    "RefinedWeb": 1,
    "mamba": 1,
    "2002.05202": 1,
    "2208.08124": 1,
    "1612.08083": 1,
    "2102.11972": 1,
    "2202.08005": 1,
    "2212.02027": 1,
    "2309.11674": 1,
    "blenderbot-small": 1,
    "llm_gym_gpt2": 1,
    "SVC": 1,
    "2304.14402": 1,
    "AmusedPipeline": 1,
    "llava-jp": 1,
    "2405.15738": 1,
    "simplecnn": 1,
    "2311.17487": 1,
    "1908.10063": 1,
    "2205.04733": 1,
    "2005.12515": 1,
    "2007.14062": 1,
    "2310.09199": 1,
    "2403.08295": 1,
    "1706.03762": 1,
    "2209.04372": 1,
    "2103.01913": 1,
    "2401.06209": 1,
    "2305.10355": 1,
    "2205.12522": 1,
    "2110.11624": 1,
    "2108.03353": 1,
    "2010.04295": 1,
    "2203.10244": 1,
    "1810.12440": 1,
    "1905.13648": 1,
    "1608.00272": 1,
    "cct": 1,
    "2402.16107": 1,
    "2308.06721": 1,
    "parler_tts": 1,
    "2108.03265": 1,
    "2208.08706": 1,
    "bit": 1,
    "openai-gpt": 1,
    "2403.15322": 1,
    "war": 1,
    "2306.15595": 1,
    "baichuan": 1,
    "2308.13137": 1,
    "deta": 1,
    "ultravox": 1,
    "2401.09417": 1,
    "speech_to_text": 1,
    "2006.11477": 1,
    "2301.13688": 1,
    "mplug_owl2": 1,
    "2104.01027": 1,
    "2203.03850": 1,
    "1904.06472": 1,
    "2102.07033": 1,
    "2104.08727": 1,
    "1704.05179": 1,
    "1810.09305": 1,
    "2204.04541": 1,
    "2306.02254": 1,
    "1905.05583": 1,
    "2203.13474": 1,
    "deepseek_v2": 1,
    "2407.01906": 1,
    "2302.08956": 1,
    "2309.16609": 1,
    "clip": 1,
    "leaf": 1,
    "2005.00052": 1,
    "2101.01213": 1,
    "2309.05248": 1,
    "1911.11929": 1,
    "deit": 1,
    "2012.12877": 1,
    "2006.03677": 1,
    "relik-reader": 1,
    "2404.06138": 1,
    "2112.09866": 1,
    "video_blip": 1,
    "2301.12597": 1,
    "2207.10666": 1,
    "2402.17764": 1,
    "2312.12379": 1,
    "2402.10712": 1,
    "owlvit": 1,
    "zero-shot-object-detection": 1,
    "2403.07815": 1,
    "ted-deberta-v2": 1,
    "StableDiffusionXLImg2ImgPipeline": 1,
    "jargon": 1,
    "musicgen_melody": 1,
    "2306.05284": 1,
    "10.57967/hf/0094": 1,
    "2201.04676": 1,
    "rnn": 1,
    "2404.00495": 1,
    "bert_causalm": 1,
    "2311.05657": 1,
    "2010.04245": 1,
    "2302.06675": 1,
    "2210.13452": 1,
    "1910.04073": 1,
    "gliner": 1,
    "2404.17790": 1,
    "2404.17733": 1,
    "QH_360VL": 1,
    "2406.20087": 1,
    "2309.07597": 1,
    "2206.02680": 1,
    "OnnxStableDiffusionPipeline": 1,
    "2002.02925": 1,
    "2309.12161": 1,
    "2304.07193": 1,
    "10.57967/hf/1720": 1,
    "kqn": 1,
    "2401.13660": 1,
    "2310.06825": 1,
    "BharatAI": 1,
    "visionllmv2": 1,
    "2209.02976": 1,
    "2301.05586": 1,
    "2204.03905": 1,
    "gpt_bigcode": 1,
    "2307.11224": 1,
    "2103.06678": 1,
    "2311.05845": 1,
    "2310.03744": 1,
    "2404.01331": 1,
    "conformer": 1,
    "2207.14251": 1,
    "2212.09019": 1,
    "2407.01492": 1,
    "siglip": 1,
    "2212.03533": 1,
    "2104.08663": 1,
    "2210.07316": 1,
    "ShiftedDDPMPipeline": 1,
    "custom": 1,
    "2309.17179": 1,
    "1809.08895": 1,
    "2109.06912": 1,
    "10.57967/hf/2666": 1,
    "2109.05729": 1,
    "gpt2_causalm": 1,
    "sv": 1,
    "hil": 1,
    "2402.09739": 1,
    "deformable_detr": 1,
    "2001.06286": 1,
    "2004.02814": 1,
    "2010.13652": 1,
    "2101.05716": 1,
    "2001.02943": 1,
    "1909.11942": 1,
    "upernet": 1,
    "2005.00247": 1,
    "2308.12966": 1,
    "hybrid-clip": 1,
    "vilt": 1,
    "2102.03334": 1,
    "jais": 1,
    "2308.16149": 1,
    "1810.03993": 1,
    "blenderbot": 1,
    "conditional_detr": 1,
    "2306.00978": 1,
    "MyPipeline": 1,
    "2312.11193": 1,
    "wavlm": 1,
    "genkalm": 1,
    "clap": 1,
    "10.57967/hf/0160": 1,
    "2309.07445": 1,
    "2403.04652": 1,
    "xlm-roberta-xl": 1,
    "2309.11235": 1,
    "2303.08774": 1,
    "fusion-cross-attention-sentence-classifier": 1,
    "2403.07691": 1,
    "2305.13272": 1,
    "mvp": 1,
    "2009.05387": 1,